{"metadata":{"title":"CPIC CYP2C19 Clopidogrel Recommendations","arkId":"ark:/99999/fk4bz6hp15","version":"v0.1.0","owner":"KGRID","description":"","contributors":"Koki Sasagawa","keywords":"CPIC, CYP2C19, Clopidogrel","published":true,"lastModified":1517850499194,"createdOn":1517611058626,"objectType":null,"citations":[{"citation_id":null,"citation_title":null,"citation_at":null}],"license":{"licenseName":"","licenseLink":""}},"inputMessage":"<rdf:RDF xmlns:ot=\"http://uofm.org/objectteller/#\"\n         xmlns:rdf=\"http://www.w3.org/1999/02/22-rdf-syntax-ns#\">\n    <rdf:Description rdf:about=\"http://uofm.org/objectteller/inputMessage\">\n        <ot:noofparams>2</ot:noofparams>\n        <ot:params>\n            <rdf:Seq>\n                <rdf:li>phenotype</rdf:li>\n                <rdf:li>choice</rdf:li>\n            </rdf:Seq>\n        </ot:params>\n    </rdf:Description>\n    <rdf:Description rdf:about=\"http://uofm.org/objectteller/age/\">\n        <ot:datatype>STRING</ot:datatype>\n    </rdf:Description>\n</rdf:RDF>\n","outputMessage":"<rdf:RDF xmlns:ot=\"http://uofm.org/objectteller/\"\n  xmlns:rdf=\"http://www.w3.org/1999/02/22-rdf-syntax-ns#\">\n  <rdf:Description rdf:about=\"http://uofm.org/objectteller/outputMessage\">\n    <ot:returntype>STRING</ot:returntype>\n  </rdf:Description>\n</rdf:RDF>\n","payload":{"content":"# KGrid CPIC guidelines CYP2C19 Phenotype to Recommendation Clopidogrel\n# Koki Sasagawa \n# Last Updated: 2/2/2018\n\ndef execute(pheno):\n\t\"\"\" \n\t\tThe following function will return the recommendation \n\t\tcorresponding to the specified phenotype \n\t\"\"\"\n\n\t# Dictionary containing Phenotype to Recommendation Information\n\tpheno_recom = {\n\t\t\"Ultrarapid metabolizer\": {\n\t\t\t\"Implications for phenotypic measures\": \"Normal (EM) or increased (UM) platelet inhibition; normal (EM) or decreased (UM) residual platelet aggregation\",\n\t\t\t\"Dosing recommendations\": \"Clopidogrel: label-recommended dosage and administration\",\n\t\t\t\"Classification of recommendations\": \"Strong\",\n\t\t},\n\t\t\"Intermediate metabolizer\": {\n\t\t\t\"Implications for phenotypic measures\":\"Reduced platelet inhibition; increased residual platelet aggregation; increased risk for adverse cardiovascular events\",\n\t\t\t\"Dosing recommendations\": \"Alternative antiplatelet therapy (if no contraindication), e.g., prasugrel, ticagrelor\",\n\t\t\t\"Classification of recommendations\": \"Moderate\",\n\t\t},\n\t\t\"Poor metabolizer\": {\n\t\t\t\"Implications for phenotypic measures\":\"Significantly reduced platelet inhibition; increased residual platelet aggregation; increased risk for adverse cardiovascular events\",\n\t\t\t\"Dosing recommendations\": \"Alternative antiplatelet therapy (if no contraindication), e.g., prasugrel, ticagrelor\",\n\t\t\t\"Classification of recommendations\": \"Strong\",\n\t\t}\n\t}\n\n\t# Dictionary containing choice of information\n\toptions = {\"0\": \"Implications for phenotypic measures\", \"1\": \"Dosing recommendations\", \"2\": \"Classification of recommendations\"}\n\n\t# Results\n\trecommendation = {\"Info\": \"\", \"Recom\": \"\"}\n\n\t# Get select recommendation type\n\tif pheno[\"choice\"]:\n\t\tif pheno[\"choice\"] in options:\n\t\t\t# Assign appropriate recommendation information depending on selection of choice\n\t\t\trecommendation[\"Info\"] = options[pheno[\"choice\"]]\n\t\telse:\n\t\t \treturn (\"Incorrect/invalid option.\")\n\n\t# Get appropriate recommendation type corresponding to phenotype and choice\n\tif pheno[\"phenotype\"]:\n\t\tif pheno[\"phenotype\"] in pheno_recom:\n\t\t\t# Assign appropriate recommendation pair value for the corresponding key(phenotype) from dictionary pheno_recom\n\t\t\trecommendation[\"Recom\"] = pheno_recom[pheno[\"phenotype\"]][recommendation[\"Info\"]]\n\t\telse:\n\t\t \treturn (\"Incorrect/invalid input for phenotype.\")\n\n\treturn str(recommendation[\"Info\"] + \": \" + recommendation[\"Recom\"])\n","functionName":"execute","engineType":"PYTHON"},"logData":"ProvenanceLogData: \n\t wasAttributedTo: 'George Meng',\n\t wasGeneratedBy: 'https://dlhs-fedora-dev.med.umich.edu/fcrepo/rest/tx:b07277e1-8f3e-4c21-b724-3dfac4b4c647/99999-fk4bz6hp15/Log/CreateActivity',\n\t wasAssociatedWith: 'George Meng',\n\t used: 'https://dlhs-fedora-dev.med.umich.edu/fcrepo/rest/tx:b07277e1-8f3e-4c21-b724-3dfac4b4c647/99999-fk4bz6hp15/Log/CreateActivity',\n\t startedAtTime: Fri Feb 02 17:37:38 EST 2018,\n\t endedAtTime: Fri Feb 02 17:37:38 EST 2018","uri":"ark:/99999/fk4bz6hp15"}