{"metadata":{"title":"CPIC - Atazanavir Guideline for UGT1A1 ","arkId":"ark:/99999/fk4d79nq4z","version":"v0.1.0","owner":"KGRID","description":"KGrid CPIC guidelines UGT1A1 Phenotype to Recommendation","contributors":"Koki Sasagawa ","keywords":"CPIC, atazanavir, UGT1A1","published":true,"lastModified":1517247896381,"createdOn":1517247736014,"objectType":null,"citations":[{"citation_id":null,"citation_title":null,"citation_at":null}],"license":{"licenseName":"","licenseLink":""}},"inputMessage":"<rdf:RDF xmlns:ot=\"http://uofm.org/objectteller/#\"\n         xmlns:rdf=\"http://www.w3.org/1999/02/22-rdf-syntax-ns#\">\n    <rdf:Description rdf:about=\"http://uofm.org/objectteller/inputMessage\">\n        <ot:noofparams>2</ot:noofparams>\n        <ot:params>\n            <rdf:Seq>\n                <rdf:li>phenotype</rdf:li>\n                <rdf:li>choice</rdf:li>\n            </rdf:Seq>\n        </ot:params>\n    </rdf:Description>\n    <rdf:Description rdf:about=\"http://uofm.org/objectteller/age/\">\n        <ot:datatype>STRING</ot:datatype>\n    </rdf:Description>\n</rdf:RDF>\n","outputMessage":"<rdf:RDF xmlns:ot=\"http://uofm.org/objectteller/\"\n  xmlns:rdf=\"http://www.w3.org/1999/02/22-rdf-syntax-ns#\">\n  <rdf:Description rdf:about=\"http://uofm.org/objectteller/outputMessage\">\n    <ot:returntype>STRING</ot:returntype>\n  </rdf:Description>\n</rdf:RDF>\n","payload":{"content":"# KGrid CPIC guidelines UGT1A1 Phenotype to Recommendation Payload\n# Koki Sasagawa \n# Last Updated: 1/24/2018\n\ndef execute(pheno):\n\t\"\"\" \n\t\tThe following function will return the recommendation \n\t\tcorresponding to the specified phenotype \n\t\"\"\"\n\n\t# Dictionary containing Phenotype to Recommendation Information\n\tpheno_recom = {\n\t\t\"Normal metabolizer\": {\n\t\t\t\"Implications for phenotypic measures\": \"Reference UGT1A1 activity; very low likelihood of bilirubin-related discontinuation of atazanavir.\",\n\t\t\t\"Dosing recommendations\": \"There is no need to avoid prescribing of atazanavir based on UGT1A1 genetic test result. Inform the patient that some patients stop atazanavir because of jaundice (yellow eyes and skin), but that this patient?s genotype makes this unlikely (less than about a 1 in 20 chance of stopping atazanavir because of jaundice).\",\n\t\t\t\"Classification of recommendations\": \"Strong\",\n\t\t},\n\t\t\"Intermediate metabolizer\": {\n\t\t\t\"Implications for phenotypic measures\":\"Somewhat decreased UGT1A1 activity; low likelihood of bilirubin-related discontinuation of atazanavir.\",\n\t\t\t\"Dosing recommendations\": \"There is no need to avoid prescribing of atazanavir based on UGT1A1 genetic test result. Inform the patient that some patients stop atazanavir because of jaundice (yellow eyes and skin), but that this patient?s genotype makes this unlikely (less than about a 1 in 20 chance of stopping atazanavir because of jaundice).\",\n\t\t\t\"Classification of recommendations\": \"Strong\",\n\t\t},\n\t\t\"Poor metabolizer\": {\n\t\t\t\"Implications for phenotypic measures\":\"Markedly decreased UGT1A1 activity; high likelihood of bilirubin-related discontinuation of atazanavir.\",\n\t\t\t\"Dosing recommendations\": \"Consider an alternative agent particularly where jaundice would be of concern to the patient. If atazanavir is to be prescribed, there is a high likelihood of developing jaundice that will result in atazanavir discontinuation (at least 20% and as high as 60%).\",\n\t\t\t\"Classification of recommendations\": \"Strong\",\n\t\t}\n\t}\n\n\t# Dictionary containing choice of information\n\toptions = {\"0\": \"Implications for phenotypic measures\", \"1\": \"Dosing recommendations\", \"2\": \"Classification of recommendations\"}\n\n\t# Results\n\trecommendation = {\"Info\": \"\", \"Recom\": \"\"}\n\n\t# Get select recommendation type\n\tif pheno[\"choice\"]:\n\t\tif pheno[\"choice\"] in options:\n\t\t\t# Assign appropriate recommendation information depending on selection of choice\n\t\t\trecommendation[\"Info\"] = options[pheno[\"choice\"]]\n\t\telse:\n\t\t \treturn (\"Incorrect/invalid option.\")\n\n\t# Get appropriate recommendation type corresponding to phenotype and choice\n\tif pheno[\"phenotype\"]:\n\t\tif pheno[\"phenotype\"] in pheno_recom:\n\t\t\t# Assign appropriate recommendation pair value for the corresponding key(phenotype) from dictionary pheno_recom\n\t\t\trecommendation[\"Recom\"] = pheno_recom[pheno[\"phenotype\"]][recommendation[\"Info\"]]\n\t\telse:\n\t\t \treturn (\"Incorrect/invalid input for phenotype.\")\n\n\treturn str(recommendation[\"Info\"] + \": \" + recommendation[\"Recom\"])","functionName":"execute","engineType":"PYTHON"},"logData":"ProvenanceLogData: \n\t wasAttributedTo: 'George Meng',\n\t wasGeneratedBy: 'https://dlhs-fedora-dev.med.umich.edu/fcrepo/rest/tx:3dc6bcc0-90f4-41ab-9f24-05c8b87cc7a9/99999-fk4d79nq4z/Log/CreateActivity',\n\t wasAssociatedWith: 'George Meng',\n\t used: 'https://dlhs-fedora-dev.med.umich.edu/fcrepo/rest/tx:3dc6bcc0-90f4-41ab-9f24-05c8b87cc7a9/99999-fk4d79nq4z/Log/CreateActivity',\n\t startedAtTime: Mon Jan 29 12:42:15 EST 2018,\n\t endedAtTime: Mon Jan 29 12:42:16 EST 2018","uri":"ark:/99999/fk4d79nq4z"}