{"metadata":{"title":"CPIC CYP2C19 citalopram and escitalopram recommendations ","arkId":"ark:/99999/fk4d22836k","version":"v0.1.0","owner":"KGRID","description":"CPIC recommendations for citalopram and escitalopram based on CYP2C19 phenotype","contributors":"Koki Sasagawa","keywords":"CPIC, CYP2C19, citalopram, escitalopram ","published":true,"lastModified":1518187251373,"createdOn":1518186372086,"objectType":null,"citations":[{"citation_id":null,"citation_title":null,"citation_at":null}],"license":{"licenseName":"","licenseLink":""}},"inputMessage":"<rdf:RDF xmlns:ot=\"http://uofm.org/objectteller/#\"\n         xmlns:rdf=\"http://www.w3.org/1999/02/22-rdf-syntax-ns#\">\n    <rdf:Description rdf:about=\"http://uofm.org/objectteller/inputMessage\">\n        <ot:noofparams>2</ot:noofparams>\n        <ot:params>\n            <rdf:Seq>\n                <rdf:li>phenotype</rdf:li>\n                <rdf:li>choice</rdf:li>\n            </rdf:Seq>\n        </ot:params>\n    </rdf:Description>\n    <rdf:Description rdf:about=\"http://uofm.org/objectteller/age/\">\n        <ot:datatype>STRING</ot:datatype>\n    </rdf:Description>\n</rdf:RDF>\n","outputMessage":"<rdf:RDF xmlns:ot=\"http://uofm.org/objectteller/\"\n  xmlns:rdf=\"http://www.w3.org/1999/02/22-rdf-syntax-ns#\">\n  <rdf:Description rdf:about=\"http://uofm.org/objectteller/outputMessage\">\n    <ot:returntype>STRING</ot:returntype>\n  </rdf:Description>\n</rdf:RDF>\n","payload":{"content":"# KGrid CPIC guidelines CYP2C19 Phenotype to Recommendation Clopidogrel\n# Koki Sasagawa \n# Last Updated: 2/7/2018\n\ndef execute(pheno):\n\t\"\"\" \n\t\tThe following function will return the recommendation \n\t\tcorresponding to the specified phenotype \n\t\"\"\"\n\n\t# Dictionary containing Phenotype to Recommendation Information\n\t# ultrarapid and extensive metabolizer have the same recomendations \n\tpheno_recom = {\n\t\t\"Ultrarapid metabolizer\": {\n\t\t\t\"0\": \"Increased metabolism when compared to extensive metabolizers. Lower plasma concentrations will increase probability of pharmacotherapy failure.\",\n\t\t\t\"1\": \"Consider an alternative drug not predominantly metabolized by CYP2C19.\",\n\t\t\t\"2\": \"Moderate\",\n\t\t},\n\t\t\"Normal metabolizer\": {\n\t\t\t\"0\": \"Normal metabolism\",\n\t\t\t\"1\": \"Initiate therapy with recommended starting dose.\",\n\t\t\t\"2\": \"Strong\",\n\t\t},\n\t\t\"Intermediate metabolizer\": {\n\t\t\t\"0\": \"Reduced metabolism when compared to extensive metabolizers.\",\n\t\t\t\"1\": \"Initiate therapy with recommended starting dose.\",\n\t\t\t\"2\": \"Strong\",\n\t\t},\n\t\t\"Poor metabolizer\": {\n\t\t\t\"0\": \"Greatly reduced metabolism when compared to extensive metabolizers. Higher plasma concentrations may increase the probability of side effects.\",\n\t\t\t\"1\": \"Consider a 50% reduction of recommended starting dose and titrate to response or select alternative drug not predominantly metabolized by CYP2C19\",\n\t\t\t\"2\": \"Moderate\",\n\t\t}\n\t}\n\n\t# Dictionary containing choice of information\n\toptions = {\"0\": \"Implications for phenotypic measures\", \"1\": \"Dosing recommendations\", \"2\": \"Classification of recommendations\"}\n\n\t# Results\n\trecommendation = {\"Info\": \"\", \"Recom\": \"\"}\n\n\t# Get select recommendation type\n\tif pheno[\"choice\"]:\n\t\tchoice = pheno[\"choice\"]\n\t\tif choice in options:\n\t\t\t# Assign appropriate recommendation information depending on selection of choice\n\t\t\trecommendation[\"Info\"] = options[choice]\n\t\telse:\n\t\t \treturn (\"Incorrect/invalid option.\")\n\n\t# Get appropriate recommendation type corresponding to phenotype and choice\n\tif pheno[\"phenotype\"]:\n\t\tphenotype = pheno[\"phenotype\"]\n\t\tif phenotype in pheno_recom:\n\t\t\t# Assign appropriate recommendation pair value for the corresponding key(phenotype) from dictionary pheno_recom\n\t\t\trecommendation[\"Recom\"] = pheno_recom[phenotype][choice]\n\t\telse:\n\t\t \treturn (\"Incorrect/invalid input for phenotype.\")\n\n\treturn str(recommendation[\"Info\"] + \": \" + recommendation[\"Recom\"])","functionName":"execute","engineType":"PYTHON"},"logData":"ProvenanceLogData: \n\t wasAttributedTo: 'George Meng',\n\t wasGeneratedBy: 'https://dlhs-fedora-dev.med.umich.edu/fcrepo/rest/tx:b4c7024d-37ea-4acf-a8f8-4f748a0f5345/99999-fk4d22836k/Log/CreateActivity',\n\t wasAssociatedWith: 'George Meng',\n\t used: 'https://dlhs-fedora-dev.med.umich.edu/fcrepo/rest/tx:b4c7024d-37ea-4acf-a8f8-4f748a0f5345/99999-fk4d22836k/Log/CreateActivity',\n\t startedAtTime: Fri Feb 09 09:26:11 EST 2018,\n\t endedAtTime: Fri Feb 09 09:26:12 EST 2018","uri":"ark:/99999/fk4d22836k"}