{"metadata":{"title":"CPIC Gene Drug Table","arkId":"ark:/99999/fk4qj7sz2s","version":"v0.1.0","owner":"KGRID","description":"CPIC Genes-Drug Table, with total of 353 entries, which can be filtered by supplying a list of genes, a list of drugs, or both.","contributors":"George Meng","keywords":"CPIC, Table, Genes, Drugs","published":true,"lastModified":1518455062858,"createdOn":1518450739007,"objectType":null,"citations":[{"citation_id":"2695c4eb-4dc5-4688-b90a-0a06c62d966a","citation_title":"CPIC Genes Drugs","citation_at":"https://cpicpgx.org/genes-drugs/"},{"citation_id":"2d6ba226-c55d-49a1-b891-5e3cb34d8f39","citation_title":"CPIC Genes Drugs","citation_at":"https://cpicpgx.org/genes-drugs/"}],"license":{"licenseName":"","licenseLink":""}},"inputMessage":"<rdf:RDF xmlns:ot=\"http://uofm.org/objectteller/#\"\n         xmlns:rdf=\"http://www.w3.org/1999/02/22-rdf-syntax-ns#\">\n    <rdf:Description rdf:about=\"http://uofm.org/objectteller/inputMessage\">\n        <ot:noofparams>2</ot:noofparams>\n        <ot:params>\n            <rdf:Seq>\n                <rdf:li>genelist</rdf:li>\n                <rdf:li>druglist</rdf:li>\n               </rdf:Seq>\n        </ot:params>\n    </rdf:Description>\n    <rdf:Description rdf:about=\"http://uofm.org/objectteller/age/\">\n        <ot:datatype>ARRAY</ot:datatype>\n    </rdf:Description>\n</rdf:RDF>\n","outputMessage":"<rdf:RDF xmlns:ot=\"http://uofm.org/objectteller/\"\n  xmlns:rdf=\"http://www.w3.org/1999/02/22-rdf-syntax-ns#\">\n  <rdf:Description rdf:about=\"http://uofm.org/objectteller/outputMessage\">\n    <ot:returntype>STRING</ot:returntype>\n  </rdf:Description>\n</rdf:RDF>\n","payload":{"content":"var rawdruglist=[{ \"value\": \"isoflurane\", \"text\":\"isoflurane\",\"enzyme\":[\"CACNA1S\",\"RYR1\"],\"reflink\":[\"\",\"\"],\"kos\":[{\"kotitle\":\"\",\"kolink\":\"\"},{\"kotitle\":\"\",\"kolink\":\"\"}]},    { \"value\": \"atazanavir\", \"text\": \"atazanavir\",\"enzyme\":[\"UGT1A1\"],\"reflink\":[\"https://cpicpgx.org/guidelines/guideline-for-atazanavir-and-ugt1a1/\"], \"kos\":[{\"kotitle\":\"CPIC - Atazanavir Guideline for UGT1A1\",\"kolink\":\"ark:/99999/fk4d79nq4z\"}]},    { \"value\": \"citalopram\", \"text\": \"citalopram\",\"enzyme\":[\"CYP2C19\"],\"reflink\":[\"https://cpicpgx.org/guidelines/guideline-for-selective-serotonin-reuptake-inhibitors-and-cyp2d6-and-cyp2c19/\"],\"kos\":[{\"kotitle\":\"CPIC CYP2C19 citalopram and escitalopram recommendations\",\"kolink\":\"ark:/99999/fk4d22836k\"}]},    { \"value\": \"clopidogrel\", \"text\": \"clopidogrel\",\"enzyme\":[\"CYP2C19\"],\"reflink\":[\"https://cpicpgx.org/guidelines/guideline-for-clopidogrel-and-cyp2c19/\"],\"kos\":[{\"kotitle\":\"CPIC Guideline for Clopidogrel and CYP2C19\",\"kolink\":\"ark:/99999/fk4bz6hp15\"}]},    { \"value\": \"codeine\", \"text\": \"codeine\" ,\"enzyme\":[\"CYP2D6\"],\"reflink\":[\"https://cpicpgx.org/guidelines/guideline-for-codeine-and-cyp2d6/\"], \"kos\":[{\"kotitle\":\"CPIC - Codeine Guideline for CYP2D6\",\"kolink\":\"ark:/99999/fk4mc97w6m\"}]},    { \"value\": \"escitalopram\", \"text\": \"escitalopram\",\"enzyme\":[\"CYP2C19\"],\"reflink\":[\"https://cpicpgx.org/guidelines/guideline-for-selective-serotonin-reuptake-inhibitors-and-cyp2d6-and-cyp2c19/\"],\"kos\":[{\"kotitle\":\"CPIC CYP2C19 citalopram and escitalopram recommendations\",\"kolink\":\"ark:/99999/fk4d22836k\"}]},    { \"value\": \"Phenytoin\", \"text\": \"Phenytoin\" ,\"enzyme\":[\"CYP2C9\",\"HLA-B\"],\"reflink\":[\"https://cpicpgx.org/guidelines/guideline-for-phenytoin-and-cyp2c9-and-hla-b/\",\"https://cpicpgx.org/guidelines/guideline-for-phenytoin-and-cyp2c9-and-hla-b/\"],\"kos\":[{\"kotitle\":\"CPIC Guideline for Phenytoin and CYP2C19\",\"kolink\":\"ark:/99999/fk4r49zq07\"},{\"kotitle\":\"\",\"kolink\":\"\"}]},    { \"value\": \"simvastatin\", \"text\": \"simvastatin\",\"enzyme\":[\"SLCO1B1\"],\"reflink\":[\"https://cpicpgx.org/guidelines/guideline-for-simvastatin-and-slco1b1/\"],\"kos\":[{\"kotitle\":\"\",\"kolink\":\"\"}]}]; \n\nfunction execute(inputs){\nvar genelist= inputs['genelist']; \nvar druglist=inputs['druglist'];\nvar dl =[];\nvar gl =[];\nthis.rawdruglist.forEach(function(e){\n    var bool=false;\n    if((druglist.indexOf(e.value)!=-1)|(druglist.length==0)){\n       var el = e.enzyme;\n       el.forEach(function(ee){\n           if((genelist.length==0)|(genelist.indexOf(ee)!=-1)){\n              if(gl.indexOf(ee)==-1){\n                  gl.push(ee);\n              }\n              bool=true;\n            }\n        });\n        if(bool) {dl.push(e);}\n   }});\n   var out ={'genelist':gl,'druglist':dl};\n   return JSON.stringify(out); \n}","functionName":"execute","engineType":"JS"},"logData":"ProvenanceLogData: \n\t wasAttributedTo: 'George Meng',\n\t wasGeneratedBy: 'https://dlhs-fedora-dev.med.umich.edu/fcrepo/rest/tx:18e0dc56-d05d-4a6c-b4aa-d7dd16200a87/99999-fk4qj7sz2s/Log/CreateActivity',\n\t wasAssociatedWith: 'George Meng',\n\t used: 'https://dlhs-fedora-dev.med.umich.edu/fcrepo/rest/tx:18e0dc56-d05d-4a6c-b4aa-d7dd16200a87/99999-fk4qj7sz2s/Log/CreateActivity',\n\t startedAtTime: Mon Feb 12 10:52:18 EST 2018,\n\t endedAtTime: Mon Feb 12 10:52:19 EST 2018","uri":"ark:/99999/fk4qj7sz2s"}