{"metadata":{"title":"CPIC CYP2D6 Codeine Recommendations","arkId":"ark:/99999/fk4mc97w6m","version":"v0.1.0","owner":"KGRID","description":"","contributors":"Koki Sasagawa","keywords":"CPIC, CYP2D6, Codeine, Recommendation","published":true,"lastModified":1517610998731,"createdOn":1517610546335,"objectType":null,"citations":[{"citation_id":null,"citation_title":null,"citation_at":null}],"license":{"licenseName":"","licenseLink":""}},"inputMessage":"<rdf:RDF xmlns:ot=\"http://uofm.org/objectteller/#\"\n         xmlns:rdf=\"http://www.w3.org/1999/02/22-rdf-syntax-ns#\">\n    <rdf:Description rdf:about=\"http://uofm.org/objectteller/inputMessage\">\n        <ot:noofparams>2</ot:noofparams>\n        <ot:params>\n            <rdf:Seq>\n                <rdf:li>phenotype</rdf:li>\n                <rdf:li>choice</rdf:li>\n            </rdf:Seq>\n        </ot:params>\n    </rdf:Description>\n    <rdf:Description rdf:about=\"http://uofm.org/objectteller/age/\">\n        <ot:datatype>STRING</ot:datatype>\n    </rdf:Description>\n</rdf:RDF>\n","outputMessage":"<rdf:RDF xmlns:ot=\"http://uofm.org/objectteller/\"\n  xmlns:rdf=\"http://www.w3.org/1999/02/22-rdf-syntax-ns#\">\n  <rdf:Description rdf:about=\"http://uofm.org/objectteller/outputMessage\">\n    <ot:returntype>STRING</ot:returntype>\n  </rdf:Description>\n</rdf:RDF>\n","payload":{"content":"# KGrid CPIC guidelines UGT1A1 Phenotype to Recommendation Payload\n# Koki Sasagawa \n# Last Updated: 2/2/2018\n\ndef execute(pheno):\n\t\"\"\" \n\t\tThe following function will return the recommendation \n\t\tcorresponding to the specified phenotype \n\t\"\"\"\n\n\t# Dictionary containing Phenotype to Recommendation Information\n\tpheno_recom = {\n\t\t\"Ultrarapid metabolizer\": {\n\t\t\t\"Implications for phenotypic measures\": \"Increased formation of morphine following codeine administration, leading to higher risk of toxicity\",\n\t\t\t\"Dosing recommendations\": \"Avoid codeine use due to potential for toxicity.\",\n\t\t\t\"Classification of recommendations\": \"Strong\",\n\t\t},\n\t\t\"Normal metabolizer\": {\n\t\t\t\"Implications for phenotypic measures\":\"Normal morphine formation\",\n\t\t\t\"Dosing recommendations\": \"Use label-recommended age- or weight-specific dosing.\",\n\t\t\t\"Classification of recommendations\": \"Strong\",\n\t\t},\n\t\t\"Intermediate metabolizer\": {\n\t\t\t\"Implications for phenotypic measures\":\"Reduced morphine formation\",\n\t\t\t\"Dosing recommendations\": \"Use label-recommended age- or weight-specific dosing. If no response, consider alternative analgesics such as morphine or a nonopioid.\",\n\t\t\t\"Classification of recommendations\": \"Moderate\",\n\t\t},\n\t\t\"Poor metabolizer\": {\n\t\t\t\"Implications for phenotypic measures\":\"Greatly reduced morphine formation following codeine administration, leading to insufficient pain relief\",\n\t\t\t\"Dosing recommendations\": \"Avoid codeine use due to lack of efficacy.\",\n\t\t\t\"Classification of recommendations\": \"Strong\",\n\t\t}\n\t}\n\n\t# Dictionary containing choice of information\n\toptions = {\"0\": \"Implications for phenotypic measures\", \"1\": \"Dosing recommendations\", \"2\": \"Classification of recommendations\"}\n\n\t# Results\n\trecommendation = {\"Info\": \"\", \"Recom\": \"\"}\n\n\t# Get select recommendation type\n\tif pheno[\"choice\"]:\n\t\tif pheno[\"choice\"] in options:\n\t\t\t# Assign appropriate recommendation information depending on selection of choice\n\t\t\trecommendation[\"Info\"] = options[pheno[\"choice\"]]\n\t\telse:\n\t\t \treturn (\"Incorrect/invalid option.\")\n\n\t# Get appropriate recommendation type corresponding to phenotype and choice\n\tif pheno[\"phenotype\"]:\n\t\tif pheno[\"phenotype\"] in pheno_recom:\n\t\t\t# Assign appropriate recommendation pair value for the corresponding key(phenotype) from dictionary pheno_recom\n\t\t\trecommendation[\"Recom\"] = pheno_recom[pheno[\"phenotype\"]][recommendation[\"Info\"]]\n\t\telse:\n\t\t \treturn (\"Incorrect/invalid input for phenotype.\")\n\n\treturn str(recommendation[\"Info\"] + \": \" + recommendation[\"Recom\"])","functionName":"execute","engineType":"Python"},"logData":"ProvenanceLogData: \n\t wasAttributedTo: 'George Meng',\n\t wasGeneratedBy: 'https://dlhs-fedora-dev.med.umich.edu/fcrepo/rest/tx:d6d045c8-1481-46ee-a4f3-3b4ca27ce113/99999-fk4mc97w6m/Log/CreateActivity',\n\t wasAssociatedWith: 'George Meng',\n\t used: 'https://dlhs-fedora-dev.med.umich.edu/fcrepo/rest/tx:d6d045c8-1481-46ee-a4f3-3b4ca27ce113/99999-fk4mc97w6m/Log/CreateActivity',\n\t startedAtTime: Fri Feb 02 17:29:05 EST 2018,\n\t endedAtTime: Fri Feb 02 17:29:06 EST 2018","uri":"ark:/99999/fk4mc97w6m"}