{
  "title": "CPIC Gene Drug Table",
  "description": "CPIC Genes-Drug Table, with total of 28 entries, which can be filtered by supplying a list of genes, a list of drugs, or both.",
  "arkId": "ark:/99999/fk4qj7sz2s",
  "citations": [
    ""
  ],
  "keywords": "CPIC",
  "owners": "KGRID",
  "contributors": "KGRID TEAM",
  "license": {
    "licenseName": "",
    "licenseLink": ""
  },
  "url": "http://url",
  "published": false,
  "version": "v0.0.5",
  "lastModified": 1529432624164,
  "createdOn": 1529432624163,
  "model": "model",
  "service":"model/service/servicedescriptor.yaml"
}
