{
  "title": "CPIC Genotype - Phenotype for SLCO1B1",
  "description": "KGrid CPIC guidelines Genotype to Phenotype for SLCO1B1",
  "arkId": "ark:/99999/fk47380j09",
  "citations": [
    ""
  ],
  "keywords": "CPIC, SLCO1B1, Genotype, Phenotype",
  "owners": "KGRID",
  "contributors": "KGRID TEAM",
  "license": {
    "licenseName": "",
    "licenseLink": ""
  },
  "url": "http://url",
  "published": false,
  "version": "v0.0.1",
  "lastModified": 1529432624164,
  "createdOn": 1529432624163,
  "model": "model",
  "service":"model/service/servicedescriptor.yaml"
}
