{
  "title": "CPIC CYP2C19 Clopidogrel recommendations",
  "description": "CPIC recommendations for Clopidogrel based on CYP2C19 phenotype",
  "arkId": "ark:/99999/fk4bz6hp15",
  "citations": [
   "https://cpicpgx.org/guidelines/guideline-for-clopidogrel-and-cyp2c19/"
  ],
  "keywords": "CPIC, CYP2C19, Clopidogrel, Recommendation",
  "owners": "KGRID",
  "contributors": "KGRID TEAM",
  "license": {
    "licenseName": "",
    "licenseLink": ""
  },
  "url": "http://url",
  "published": false,
  "version": "v0.0.2",
  "lastModified": 1529432646535,
  "createdOn": 1529432646535,
  "model": "model",
  "service":"model/service/servicedescriptor.yaml"
}
