{
  "title": "CPIC CYP2D6 Codeine Recommendations",
  "description": "KGrid CPIC guidelines CYP2D6 Phenotype to Codeine Recommendation",
  "arkId": "ark:/99999/fk4mc97w6m",
  "citations": [
   "https://cpicpgx.org/guidelines/guideline-for-codeine-and-cyp2d6/"
  ],
  "keywords": "CPIC, CYP2D6, Codeine, Recommendation",
  "owners": "KGRID",
  "contributors": "KGRID TEAM",
  "license": {
    "licenseName": "",
    "licenseLink": ""
  },
  "url": "http://url",
  "published": false,
  "version": "v0.0.2",
  "lastModified": 1529432646535,
  "createdOn": 1529432646535,
  "model": "model",
  "service":"model/service/servicedescriptor.yaml"
}
