{
  "title": "CPIC CYP2C19 escitalopram recommendations",
  "description": "CPIC recommendations for escitalopram based on CYP2C19 phenotype",
  "arkId": "ark:/99999/fk4d22836l",
  "citations": [
   "https://cpicpgx.org/guidelines/guideline-for-selective-serotonin-reuptake-inhibitors-and-cyp2d6-and-cyp2c19/"
  ],
  "keywords": "CPIC, CYP2C19, escitalopram, Recommendation",
  "owners": "KGRID",
  "contributors": "KGRID TEAM",
  "license": {
    "licenseName": "",
    "licenseLink": ""
  },
  "url": "http://url",
  "published": false,
  "version": "v0.0.5",
  "lastModified": 1529432646535,
  "createdOn": 1529432646535,
  "model": "model",
  "service":"model/service/servicedescriptor.yaml"
}
