{
  "title": "CPIC HLA-B allopurinol recommendations",
  "description": "CPIC recommendations for allopurinol based on HLA-B phenotype",
  "arkId": "ark:/99999/fk4058s74p",
  "citations": [
   "https://cpicpgx.org/guidelines/guideline-for-allopurinol-and-hla-b/"
  ],
  "keywords": "CPIC, HLA-B, allopurinol, Recommendation",
  "owners": "KGRID",
  "contributors": "KGRID TEAM",
  "license": {
    "licenseName": "",
    "licenseLink": ""
  },
  "url": "http://url",
  "published": false,
  "version": "v0.0.1",
  "lastModified": 1529432646535,
  "createdOn": 1529432646535,
  "model": "model",
  "service":"model/service/servicedescriptor.yaml"
}
