{
  "title": "CPIC TPMT thioguanine recommendations",
  "description": "CPIC recommendations for thioguanine based on TPMT phenotype",
  "arkId": "ark:/99999/fk4cx5fm8f",
  "citations": [
   "https://cpicpgx.org/guidelines/guideline-for-thiopurines-and-tpmt/"
  ],
  "keywords": "CPIC, TPMT, thioguanine, Recommendation",
  "owners": "KGRID",
  "contributors": "KGRID TEAM",
  "license": {
    "licenseName": "",
    "licenseLink": ""
  },
  "url": "http://url",
  "published": false,
  "version": "v0.0.1",
  "lastModified": 1529432646535,
  "createdOn": 1529432646535,
  "model": "model",
  "service":"model/service/servicedescriptor.yaml"
}
