{
  "title": "CPIC Genotype - Phenotype for CYP3A5",
  "description": "KGrid CPIC guidelines Genotype to Phenotype for CYP3A5",
  "arkId": "ark:/99999/fk4md04x9z",
  "citations": [
    "https://link"
  ],
  "keywords": "CPIC, CYP3A5, Genotype, Phenotype",
  "owners": "KGRID",
  "contributors": "KGRID TEAM",
  "license": {
    "licenseName": "",
    "licenseLink": ""
  },
  "url": "http://url",
  "published": false,
  "version": "v0.0.1",
  "lastModified": 1529432624164,
  "createdOn": 1529432624163,
  "model": "model",
  "service":"model/service/servicedescriptor.yaml"
}
