{
  "title": "CPIC HLA-A and HLA-B carbamazepine recommendations",
  "description": "CPIC recommendations for carbamazepine based on HLA-A and HLA-B phenotypes",
  "arkId": "ark:/99999/fk4mw3nw5p",
  "citations": [
   "https://cpicpgx.org/guidelines/guideline-for-carbamazepine-and-hla-b/"
  ],
  "keywords": "CPIC, HLA-B, abacavir, Recommendation",
  "owners": "KGRID",
  "contributors": "KGRID TEAM",
  "license": {
    "licenseName": "",
    "licenseLink": ""
  },
  "url": "http://url",
  "published": false,
  "version": "v0.0.1",
  "lastModified": 1529432646535,
  "createdOn": 1529432646535,
  "model": "model",
  "service":"model/service/servicedescriptor.yaml"
}
