{
  "title": "CPIC SLCO1B1 simvastatin recommendations",
  "description": "CPIC recommendations for simvastatin based on SLCO1B1 phenotype",
  "arkId": "ark:/99999/fk4m95ek9z",
  "citations": [
   "https://cpicpgx.org/guidelines/guideline-for-simvastatin-and-slco1b1/"
  ],
  "keywords": "CPIC, SLCO1B1, simvastatin, Recommendation",
  "owners": "KGRID",
  "contributors": "KGRID TEAM",
  "license": {
    "licenseName": "",
    "licenseLink": ""
  },
  "url": "http://url",
  "published": false,
  "version": "v0.0.1",
  "lastModified": 1529432646535,
  "createdOn": 1529432646535,
  "model": "model",
  "service":"model/service/servicedescriptor.yaml"
}
