{
  "title": "CPIC CYP3A5 tacrolimus recommendations",
  "description": "CPIC recommendations for tacrolimus based on CYP3A5 phenotype",
  "arkId": "ark:/99999/fk4t85em9x",
  "citations": [
   "https://cpicpgx.org/guidelines/guideline-for-tacrolimus-and-cyp3a5/"
  ],
  "keywords": "CPIC, CYP3A5, tacrolimus, Recommendation",
  "owners": "KGRID",
  "contributors": "KGRID TEAM",
  "license": {
    "licenseName": "",
    "licenseLink": ""
  },
  "url": "http://url",
  "published": false,
  "version": "v0.0.1",
  "lastModified": 1529432646535,
  "createdOn": 1529432646535,
  "model": "model",
  "service":"model/service/servicedescriptor.yaml"
}
