{
  "title": "CPIC Geno Pheno KO Table",
  "description": "CPIC Geno2Pheno KO Table, with total of 15 entries, which can be filtered by supplying a list of genes.",
  "arkId": "ark:/99999/fk4qj7sz2t",
  "citations": [
    ""
  ],
  "keywords": "CPIC",
  "owners": "KGRID",
  "contributors": "KGRID TEAM",
  "license": {
    "licenseName": "",
    "licenseLink": ""
  },
  "url": "http://url",
  "published": false,
  "version": "v0.0.4",
  "lastModified": 1536153322000,
  "createdOn": 1536153322000,
  "model": "model",
  "service":"model/service/servicedescriptor.yaml"
}
