{
  "title": "CPIC CYP2D6 ondansetron Recommendations",
  "description": "KGrid CPIC guidelines CYP2D6 Phenotype to ondansetron Recommendation",
  "arkId": "ark:/99999/fk4c83hw23",
  "citations": [
   "https://cpicpgx.org/guidelines/guideline-for-ondansetron-and-tropisetron-and-cyp2d6-genotype/"
  ],
  "keywords": "CPIC, CYP2D6, ondansetron, Recommendation",
  "owners": "KGRID",
  "contributors": "KGRID TEAM",
  "license": {
    "licenseName": "",
    "licenseLink": ""
  },
  "url": "http://url",
  "published": false,
  "version": "v0.0.1",
  "lastModified": 1529432646535,
  "createdOn": 1529432646535,
  "model": "model",
  "service":"model/service/servicedescriptor.yaml"
}
